affix,stem,derived_word,ST
-ion,abrade,abrasion,4.71
-er,abstain,abstainer,6.43
-ion,abstain,abstention,4.43
-ity,accessible,accessibility,6.14
-ion,accrete,accretion,5.86
-ist,active,activist,3.29
-able,adapt,adaptable,6.29
-ion,addict,addiction,6.43
-ment,adorn,adornment,6.29
-ment,advertise,advertisement,6.29
-ion,aggravate,aggravation,6.57
-ion,aggregate,aggregation,6.57
-able,agree,agreeable,6
-less,air,airless,4.14
-ist,alarm,alarmist,5.71
-ion,allocate,allocation,6.43
-ic,altruist,altruistic,6.43
-ment,amaze,amazement,6.29
-ness,ambitious,ambitiousness,6.29
-able,amend,amendable,6.14
-ic,amoeba,amoebic,6.14
-ous,amphibian,amphibious,6.43
-ize,analogy,analogize,6.57
-ic,anarchist,anarchistic,6.86
-al,anecdote,anecdotal,6.57
-ic,angel,angelic,5.71
-ist,animism,animist,6.14
-ity,anonymous,anonymity,6.43
-ist,anthology,anthologist,6.43
-al,antipodes,antipodal,6
-ic,apoplexy,apoplectic,6.43
-ize,apostate,apostatize,6.29
-ment,appease,appeasement,6.29
-ment,appoint,appointment,5.43
-ist,archaeology,archaeologist,6.43
-al,architecture,architectural,6.29
-ist,archives,archivist,6.43
-ment,argue,argument,6.29
-ment,arraign,arraignment,6.29
-al,arrive,arrival,5.57
-al,artery,arterial,6.43
-ful,art,artful,6.29
-ness,artful,artfulness,6.43
-y,ash,ashy,5.57
-ness,assertive,assertiveness,6.29
-ist,atheism,atheist,6.43
-ic,atom,atomic,6.14
-ment,attach,attachment,6.14
-ity,audible,audibility,6
-ize,author,authorize,4.86
-ous,autonomy,autonomous,6.43
-able,avail,available,4.57
-ness,aware,awareness,6.43
-ful,awe,awful,2.57
-less,back,backless,3.57
-ist,baptism,Baptist,5.43
-ment,base,basement,2.43
-ful,basket,basketful,5.43
-able,bear,bearable,3.14
-y,beer,beery,4.86
-er,begin,beginner,5.71
-able,believe,believable,6.29
-er,besiege,besieger,6.29
-able,bid,biddable,6.14
-ous,bile,bilious,3.86
-ness,blank,blankness,6.43
-er,blaspheme,blasphemer,6.29
-ous,blasphemy,blasphemous,6.43
-er,bleach,bleacher,1
-ful,boast,boastful,6.43
-ness,bold,boldness,6.43
-able,book,bookable,5
-er,bore,borer,6
-ize,botany,botanize,6.29
-less,bound,boundless,4.29
-able,break,breakable,6.43
-less,breath,breathless,3.29
-y,bulk,bulky,6.14
-er,bust,buster,2.57
-y,cage,cagey,3.71
-ous,cancer,cancerous,6
-ist,capitalism,capitalist,6.71
-ly,capricious,capriciously,6.29
-ize,carbon,carbonize,6.29
-ic,catatonia,catatonic,5.57
-ize,catechism,catechize,6.14
-ity,catholic,catholicity,6.43
-y,cat,catty,3.57
-al,cause,causal,3.86
-less,cause,causeless,2.71
-ic,Celt,Celtic,6.29
-al,centrifuge,centrifugal,6.14
-al,cervix,cervical,5.71
-y,chance,chancy,6.29
-ity,changeable,changeability,6.57
-ful,change,changeful,6.14
-ic,chaos,chaotic,6.71
-ize,character,characterize,5.57
-ment,chastise,chastisement,6.14
-ist,chauvinism,chauvinist,6.29
-ful,cheer,cheerful,6.29
-y,chirp,chirpy,6.43
-er,choke,choker,5.57
-ity,Christian,Christianity,6.29
-ic,class,classic,2.14
-y,class,classy,6.14
-ic,climate,climatic,4.14
-y,cling,clingy,6.57
-ly,clinical,clinically,6.57
-ness,close,closeness,6.57
-y,cloud,cloudy,6.14
-ly,cohesive,cohesively,6.43
-al,coincidence,coincidental,6.43
-ist,collaboration,collaborationist,6.29
-ize,collective,collectivize,6.43
-ize,colony,colonize,6.43
-ness,comely,comeliness,5.71
-er,command,commander,6.43
-ment,commence,commencement,6.57
-ize,commercial,commercialize,6.29
-able,communicate,communicable,4.43
-able,compare,comparable,6.43
-ity,compatible,compatibility,6.57
-ion,complete,completion,6.29
-ly,compulsory,compulsorily,6.86
-ity,conductive,conductivity,6.43
-al,congress,congressional,6.29
-ity,consanguineous,consanguinity,6.43
-ness,conscious,consciousness,6.29
-ion,conscript,conscription,6.29
-ize,container,containerize,6.29
-ion,contraindicate,contraindication,5.71
-ous,contumacy,contumacious,6.43
-ion,convene,convention,5
-al,convention,conventional,5.43
-ity,convivial,conviviality,6.29
-ion,create,creation,6.29
-er,creep,creeper,6.57
-ous,cretin,cretinous,6.29
-er,cruise,cruiser,5.57
-ize,crystal,crystallize,6.43
-y,cuddle,cuddly,6.14
-ous,danger,dangerous,6.57
-er,daydream,daydreamer,6.29
-ness,deadly,deadliness,5.71
-less,death,deathless,3.43
-able,debate,debatable,6.43
-ful,deceit,deceitful,6.57
-ous,decorum,decorous,5.14
-ness,defective,defectiveness,6.43
-ness,deft,deftness,5.86
-ize,democrat,democratize,5.14
-able,demonstrate,demonstrable,6.43
-ion,demote,demotion,6.14
-ment,deport,deportment,4.57
-ment,derail,derailment,6.43
-ion,deride,derision,5
-ist,dermatology,dermatologist,6.57
-able,desire,desirable,6.43
-ous,desire,desirous,6.29
-able,despise,despicable,6.29
-ment,detach,detachment,6.43
-ion,detain,detention,6.57
-ment,dethrone,dethronement,6.43
-al,detriment,detrimental,6.29
-ment,develop,development,6.57
-ic,diagnosis,diagnostic,6.14
-ity,digestible,digestibility,6.57
-ment,disable,disablement,5.57
-able,disagree,disagreeable,6.29
-ly,disagreeable,disagreeably,6.57
-ment,disagree,disagreement,6.71
-ous,disaster,disastrous,6.29
-ful,disdain,disdainful,6.14
-ment,disentangle,disentanglement,6.14
-ment,disfranchise,disfranchisement,6
-ion,disinfect,disinfection,6.29
-ment,disparage,disparagement,6.14
-able,dispense,dispensable,5.71
-ment,displace,displacement,6.57
-ion,dispossess,dispossession,6.43
-ion,dissociate,dissociation,6.57
-ful,distaste,distasteful,6.14
-able,distinguish,distinguishable,5.57
-ful,distress,distressful,6.57
-ly,divine,divinely,6.43
-ity,divine,divinity,6.14
-ity,docile,docility,6.57
-y,dodge,dodgy,5.86
-y,dog,doggy,6.57
-ic,dogma,dogmatic,4.71
-ful,dole,doleful,6.14
-y,dope,dopey,6.29
-ful,doubt,doubtful,6.29
-y,dress,dressy,3.57
-able,drink,drinkable,6.29
-al,duke,ducal,4
-ist,duel,duellist,6.14
-ion,duplicate,duplication,6.29
-ity,durable,durability,6.29
-ful,duty,dutiful,6.14
-ity,eccentric,eccentricity,5.43
-ly,ecumenical,ecumenically,6.43
-ness,eerie,eeriness,6.43
-ness,effortless,effortlessness,6.57
-ic,egoist,egoistic,6.43
-ic,egotist,egotistic,6.14
-al,element,elemental,6
-ic,ellipse,elliptic,6.14
-ment,embarrass,embarrassment,6.29
-ic,emphasis,emphatic,5.71
-er,employ,employer,6.14
-ment,employ,employment,6.43
-ment,encourage,encouragement,6.57
-ly,endless,endlessly,6.43
-ize,energy,energize,6.57
-ment,enforce,enforcement,6.43
-ic,enigma,enigmatic,6
-able,enjoy,enjoyable,6.57
-ment,enlarge,enlargement,6.57
-ment,enlist,enlistment,6.29
-ment,enrich,enrichment,6.43
-ment,enthrone,enthronement,6.29
-ic,enthusiast,enthusiastic,6.29
-ment,entomb,entombment,6.43
-ment,envelop,envelopment,4.57
-ist,environmentalism,environmentalist,6.57
-al,episcopacy,episcopal,6.29
-ize,equal,equalize,6
-ment,estrange,estrangement,6.57
-ic,evangelist,evangelistic,6.57
-ly,exaggerated,exaggeratedly,6.43
-able,exchange,exchangeable,6.29
-ion,excommunicate,excommunication,6.57
-able,excuse,excusable,5.86
-ion,execute,execution,6.29
-ion,exhilarate,exhilaration,6.57
-able,expand,expandable,5.71
-ion,expand,expansion,6.14
-ous,expedition,expeditious,4.29
-ly,extortionate,extortionately,6.43
-ist,extortion,extortionist,6.25
-ion,extract,extraction,6.57
-ist,extremism,extremist,6.29
-ize,factor,factorize,5
-able,fashion,fashionable,6.14
-ist,fatalism,fatalist,6.14
-ful,fate,fateful,6.14
-ly,fateful,fatefully,5.86
-less,father,fatherless,3.71
-less,fault,faultless,3.43
-ous,ferocity,ferocious,6.43
-al,feud,feudal,3.29
-less,flavour,flavourless,4.86
-er,fly,flier,5
-y,flight,flighty,3.43
-er,flip,flipper,2.43
-al,flora,floral,4.43
-ist,flora,florist,5.71
-ist,folklore,folklorist,6.14
-able,foresee,foreseeable,6.43
-ize,fossil,fossilize,6.29
-al,fraction,fractional,6.57
-al,fragment,fragmental,6.57
-ness,fresh,freshness,6.57
-able,fry,friable,4.57
-less,friend,friendless,4.43
-ity,frivolous,frivolity,6.29
-al,front,frontal,6
-y,frost,frosty,6.14
-ity,frugal,frugality,6.43
-ful,fruit,fruitful,4
-less,fruit,fruitless,2.14
-y,fuzz,fuzzy,6.29
-ic,gastronomy,gastronomic,6.71
-er,gatecrash,gatecrasher,6.29
-ous,gelatin,gelatinous,6.29
-ist,genealogy,genealogist,6.5
-ion,gesticulate,gesticulation,6.29
-ly,glib,glibly,6.29
-al,globe,global,6.43
-ly,glowing,glowingly,6.29
-less,god,godless,3.14
-ist,graphology,graphologist,6.14
-less,ground,groundless,2.71
-er,growl,growler,5.57
-ist,gynaecology,gynaecologist,6.43
-less,hair,hairless,3.29
-ly,halting,haltingly,6.57
-y,hand,handy,2
-ness,hard,hardness,6.43
-ly,harmful,harmfully,6.14
-ize,harmony,harmonize,6.43
-er,harp,harper,4.43
-er,harry,harrier,4.14
-y,haste,hasty,6.29
-ful,hate,hateful,6.43
-ous,hazard,hazardous,6.43
-ful,health,healthful,6.57
-y,health,healthy,6.57
-ness,heartless,heartlessness,6.43
-less,heed,heedless,3
-ful,help,helpful,6.29
-less,help,helpless,3.43
-ic,hierarchy,hierarchic,6.29
-er,hijack,hijacker,6.29
-er,honeymoon,honeymooner,6.14
-able,honour,honourable,6.14
-er,hoot,hooter,5
-less,hope,hopeless,4.71
-ness,hopeless,hopelessness,6.29
-al,horticulture,horticultural,6.43
-ist,humanism,humanist,6.43
-ful,hurt,hurtful,6.57
-y,husk,husky,2
-ic,hyperbola,hyperbolic,5.71
-ic,hypnosis,hypnotic,6.43
-ist,hypnotism,hypnotist,6.43
-ize,hypnotism,hypnotize,6.14
-y,ice,icy,6.43
-ist,ideology,ideologist,6.57
-ous,ignominy,ignominious,6.14
-ity,illogical,illogicality,6.14
-ize,immortal,immortalize,6.14
-ment,impale,impalement,6.57
-ity,impossible,impossibility,6.14
-ment,improve,improvement,6.29
-ness,impulsive,impulsiveness,6.57
in-,accurate,inaccurate,4.29
in-,active,inactive,4.14
-ion,inaugurate,inauguration,6.29
in-,auspicious,inauspicious,3
in-,capable,incapable,2
in-,cautious,incautious,3
-ion,include,inclusion,6.43
in-,commensurate,incommensurate,4.57
in-,communicable,incommunicable,3.43
-ity,incompatible,incompatibility,6.43
in-,competent,incompetent,3.86
in-,comprehensible,incomprehensible,4.14
in-,conceivable,inconceivable,3.14
-ly,inconceivable,inconceivably,6.43
in-,consequential,inconsequential,4
in-,considerable,inconsiderable,3.29
in-,convertible,inconvertible,3.71
-ly,incredible,incredibly,6.71
in-,decisive,indecisive,3.86
in-,definable,indefinable,4.43
in-,definite,indefinite,2.29
in-,dependent,independent,2.14
in-,destructible,indestructible,4
in-,determinate,indeterminate,2.71
in-,disputable,indisputable,3.43
-ity,indissoluble,indissolubility,6.43
in-,divisible,indivisible,2.71
-ment,induce,inducement,6.43
-ion,induct,induction,6.29
-al,industry,industrial,6.43
in-,edible,inedible,2.86
in-,effectual,ineffectual,4.14
in-,efficient,inefficient,4.29
in-,estimable,inestimable,3.43
in-,excusable,inexcusable,4.57
-ly,infernal,infernally,6.57
in-,fertile,infertile,2.86
-ion,infiltrate,infiltration,6.57
in-,firm,infirm,2.57
-ion,inflect,inflection,6.29
-ly,influential,influentially,6.57
in-,formal,informal,3.29
-ion,inhibit,inhibition,6.29
in-,humane,inhumane,3.14
-ous,iniquity,iniquitous,6.57
in-,most,inmost,3.71
-ion,innovate,innovation,6.71
in-,numerable,innumerable,3.29
in-,offensive,inoffensive,3.71
in-,operable,inoperable,3.14
in-,organic,inorganic,3.71
in-,quest,inquest,3
in-,sane,insane,2.29
in-,secure,insecure,5
-ity,insecure,insecurity,6.43
in-,sensible,insensible,2.71
in-,sentient,insentient,2
in-,soluble,insoluble,3.86
in-,solvent,insolvent,3.71
-ly,instinctive,instinctively,6.14
-al,institution,institutional,6
in-,sufficient,insufficient,4
-ly,insufficient,insufficiently,6.43
-ity,insular,insularity,6.29
in-,supportable,insupportable,3.71
-al,integer,integral,1.14
-ion,integrate,integration,5.86
in-,tense,intense,3.43
-ion,interact,interaction,6.5
-ize,internal,internalize,6.14
-al,intestine,intestinal,6.29
in-,tolerable,intolerable,2.14
in-,tractable,intractable,4
-ion,invalidate,invalidation,6.57
-ity,invisible,invisibility,6.29
in-,visible,invisible,2.71
-ly,involuntary,involuntarily,6.43
in-,voluntary,involuntary,3.29
in-,vulnerable,invulnerable,2.86
-able,irrigate,irrigable,6
-ize,item,itemize,5.86
-y,jazz,jazzy,6.14
-ize,jeopardy,jeopardize,6.29
-y,jerk,jerky,3.86
-less,job,jobless,2.71
-ly,joint,jointly,5.71
-ful,joy,joyful,6.14
-ous,joy,joyous,6.29
-ness,joyous,joyousness,6.43
-y,jump,jumpy,5.57
-er,kill,killer,6
-y,knob,knobby,5.71
-ic,Koran,Koranic,6.57
-al,larynx,laryngeal,6
-ful,law,lawful,6.29
-ness,lawful,lawfulness,6
-less,law,lawless,4.57
-er,lay,layer,2.86
-less,leader,leaderless,4.29
-ly,lenient,leniently,6.14
-ous,licence,licentious,4.14
-ness,light,lightness,6.29
-y,lime,limy,4.43
-al,line,lineal,5.14
-ize,liquid,liquidize,6.43
-able,listen,listenable,6.29
-ness,lofty,loftiness,6.14
-y,louse,lousy,2.57
-less,love,loveless,3.14
-ful,lust,lustful,6.43
-er,magnify,magnifier,6.57
-al,malaria,malarial,6.14
-ment,maltreat,maltreatment,6.43
-er,manage,manager,6.43
-al,maniac,maniacal,6.29
-able,manoeuvre,manoeuvrable,6.29
-less,match,matchless,3.14
-ic,materialist,materialistic,6.14
-ize,material,materialize,5.14
-al,matriarch,matriarchal,6.57
-ize,maximum,maximize,5
-ful,meaning,meaningful,6.29
-less,measure,measureless,3.86
-y,meat,meaty,5.14
-al,mechanics,mechanical,6.14
-ist,medal,medallist,6.29
-ous,melody,melodious,6.29
-ize,memorial,memorialize,6.43
-ize,memory,memorize,6.29
-ful,mercy,merciful,6.57
-ic,metal,metallic,5.71
-ly,metaphorical,metaphorically,6.29
-ist,Methodism,Methodist,6.57
-ness,mild,mildness,6.43
-ic,mimesis,mimetic,6.14
-ness,minute,minuteness,5.57
-ous,mischief,mischievous,5.57
-ment,misplace,misplacement,6.43
-ity,mobile,mobility,6.14
-ly,modal,modally,6.14
-ly,moderate,moderately,6.29
-ly,modest,modestly,6.57
-ize,moisture,moisturize,6.29
-ous,moment,momentous,5.29
-ist,monarchism,monarchist,6.43
-ous,monotony,monotonous,6.29
-ize,moral,moralize,5.86
-ic,morpheme,morphemic,6.14
-less,motion,motionless,5.14
-less,motive,motiveless,3.29
-ness,much,muchness,5.71
-al,music,musical,6.43
-ity,mutual,mutuality,6.57
-ic,myopia,myopic,5.86
-ic,narcissist,narcissistic,6.29
-ity,nasal,nasality,5.86
-ize,nasal,nasalize,5.86
-ic,nationalist,nationalistic,6.29
-ize,natural,naturalize,6.57
-ness,neat,neatness,6.43
-ous,nebula,nebulous,5.29
-ous,necessity,necessitous,5.86
-ful,need,needful,5.57
-ful,neglect,neglectful,6.43
-less,nerve,nerveless,3.43
-ic,nitre,nitric,3.43
-less,noise,noiseless,1.71
-ness,noisy,noisiness,6
-ic,nomad,nomadic,6.29
-ize,normal,normalize,6.29
-ity,notable,notability,6.57
-less,number,numberless,5.14
-ous,number,numerous,5.86
-y,nut,nutty,5.29
-ity,obese,obesity,6.57
-ity,objective,objectivity,5.29
-ly,oblivious,obliviously,6.29
-ist,obscurantism,obscurantist,6.29
-ly,obscure,obscurely,6.29
-able,observe,observable,6.14
-al,obsession,obsessional,6.43
-al,obstetrics,obstetrical,6.43
-al,occasion,occasional,6.29
-ous,odour,odorous,6.14
-able,operate,operable,6.57
-ion,oppress,oppression,6.29
-al,orbit,orbital,6.29
-ic,orgasm,orgasmic,6.29
-ous,outrage,outrageous,4.86
-ion,overcompensate,overcompensation,6.43
-ment,overstate,overstatement,6.29
-ize,oxide,oxidize,5.29
-ist,pacifism,pacifist,6.14
-ion,paginate,pagination,6.43
-ful,pain,painful,6.29
-ic,parabola,parabolic,6.14
-ic,parasite,parasitic,6.57
-ous,parsimony,parsimonious,6.29
-ly,part,partly,5.43
-less,passion,passionless,4.29
-ly,patchy,patchily,6.43
-ist,pathology,pathologist,6.43
-ly,patient,patiently,6.14
-able,pay,payable,5.71
-ful,peace,peaceful,6.71
-ness,peaceful,peacefulness,6.29
-y,pebble,pebbly,6.29
-ic,pedant,pedantic,5.57
-less,peer,peerless,4
-less,penny,penniless,3.57
-al,pentagon,pentagonal,6.57
-ion,perambulate,perambulation,6.14
-ity,perceptible,perceptibility,6
-ity,permeable,permeability,6.43
-ize,personal,personalize,5.14
-ist,pessimism,pessimist,6.43
-ic,phallus,phallic,6.29
-al,phantasm,phantasmal,6.43
-al,phenomenon,phenomenal,6.57
-ous,phosphorus,phosphorous,6.43
-ist,phrenology,phrenologist,6.29
-ist,physiotherapy,physiotherapist,6.14
-ist,piano,pianist,5.71
-y,pith,pithy,4.43
-ful,pity,pitiful,4.43
-ment,place,placement,5.29
-ous,platitude,platitudinous,6
-y,pluck,plucky,3.86
-ity,polar,polarity,3.43
-ness,polite,politeness,6.57
-ous,polyandry,polyandrous,6.14
-ist,polygamy,polygamist,6.14
-ous,polymorph,polymorphous,6.14
-ous,portent,portentous,5.29
-ist,portrait,portraitist,5.57
-al,position,positional,6.14
-ity,posterior,posterity,3.43
-ment,postpone,postponement,6.29
-ful,power,powerful,6.29
-ment,prearrange,prearrangement,6.29
-ion,preclude,preclusion,6.43
-ly,predictable,predictably,6.71
-ly,prejudicial,prejudicially,6.71
-al,preposition,prepositional,6.29
-ize,pressure,pressurize,6.14
-ous,presumption,presumptuous,6.57
-ous,pretence,pretentious,5.43
-ment,procure,procurement,6.14
-able,profit,profitable,6
-ity,profound,profundity,6.29
-ic,prognosis,prognostic,5.71
-ous,promiscuity,promiscuous,6.43
-ize,propaganda,propagandize,5.43
-al,proportion,proportional,6.57
-al,proposition,propositional,6.57
-er,protest,protester,6.14
-able,prove,provable,6
-ly,proximate,proximately,6.14
-ness,prudish,prudishness,6.29
-ist,psychiatry,psychiatrist,6.43
-ic,psychopath,psychopathic,6.14
-ity,public,publicity,6.29
-y,pup,puppy,6.43
-ful,purpose,purposeful,6.14
-less,purpose,purposeless,4.71
-ly,quiet,quietly,6.57
-able,rate,rateable,6
-ic,rationalist,rationalistic,6.29
re-,activate,reactivate,6.14
re-,address,readdress,5.14
re-,affirm,reaffirm,6.14
-able,realize,realizable,6.14
-ize,real,realize,3.43
re-,animate,reanimate,5.43
re-,appear,reappear,4.57
re-,arm,rearm,5
-ment,rearm,rearmament,6
re-,arrange,rearrange,5.86
-ment,rearrange,rearrangement,6
-ness,reasonable,reasonableness,6.57
re-,bind,rebind,5.86
re-,call,recall,4
re-,capture,recapture,4.71
re-,cast,recast,5.14
re-,claim,reclaim,5.57
re-,coil,recoil,4.43
re-,collect,recollect,5.57
-able,reconcile,reconcilable,6.14
re-,constitute,reconstitute,6.29
re-,curve,recurve,6
re-,cycle,recycle,3.14
re-,direct,redirect,5.29
re-,distribute,redistribute,5.71
re-,flux,reflux,3.14
re-,forest,reforest,5.71
re-,fuel,refuel,5
re-,gain,regain,6.43
re-,generate,regenerate,5.29
re-,hear,rehear,5.57
re-,kindle,rekindle,4.57
-ic,relativity,relativistic,6.57
re-,locate,relocate,4.71
-er,remain,remainder,6.43
re-,make,remake,5
re-,marry,remarry,5.86
re-,name,rename,4.71
-able,rent,rentable,6.29
re-,orient,reorient,5.57
re-,paint,repaint,5.57
-able,repair,repairable,6.43
re-,pay,repay,6.43
-ment,replace,replacement,6.29
re-,possess,repossess,4
-ion,repress,repression,6.43
re-,print,reprint,5.57
-ful,reproach,reproachful,6.29
-able,repute,reputable,5.43
-ment,require,requirement,6.29
re-,run,rerun,5.14
re-,search,research,4.86
re-,seat,reseat,4.86
-ist,reserve,reservist,6
re-,settle,resettle,6.29
-ous,resin,resinous,6.43
-less,resist,resistless,3.71
-ful,resource,resourceful,6.29
-able,respect,respectable,6.43
-ful,respect,respectful,6
re-,stock,restock,5.86
re-,structure,restructure,5.29
-er,retail,retailer,6.43
re-,take,retake,4.57
-ion,retain,retention,6.14
-ment,retire,retirement,5.71
re-,tool,retool,5
re-,trace,retrace,6.14
re-,use,reuse,6.14
re-,value,revalue,6.43
re-,vamp,revamp,2.86
-er,revise,reviser,6
re-,vitalize,revitalize,5.86
-al,revive,revival,6.43
re-,vivify,revivify,6
-able,revoke,revocable,6.43
re-,word,reword,5.43
-al,rhomboid,rhomboidal,6.14
-ly,rhythmical,rhythmically,6.29
-less,rider,riderless,3.43
-er,rig,rigger,4.29
-ful,right,rightful,6.43
-ity,rigid,rigidity,6.29
-ly,rigid,rigidly,6.71
-less,rim,rimless,3
-less,roof,roofless,3.43
-y,rubbish,rubbishy,6.57
-less,rudder,rudderless,3.57
-ful,rue,rueful,6.29
-ness,rugged,ruggedness,6.43
-ous,ruin,ruinous,6
-ic,rune,runic,4.86
-y,run,runny,4.29
-ness,sacred,sacredness,6.29
-ous,sacrilege,sacrilegious,6.29
-ist,salvation,salvationist,6.25
-ic,Satan,satanic,6.29
-ion,satisfy,satisfaction,6.57
-ize,scheme,schematize,5.86
-y,schmaltz,schmaltzy,6.43
-er,scorch,scorcher,6.29
-less,score,scoreless,3.57
-y,screw,screwy,2.71
-ous,scrofula,scrofulous,6.43
-er,scrounge,scrounger,5.86
-ly,secondary,secondarily,6.43
-ist,secularism,secularist,6.14
-ize,secular,secularize,5.86
-ous,sedition,seditious,6.43
-less,self,selfless,3.86
-ity,senile,senility,6.57
-ous,sentence,sententious,2.71
-ness,serious,seriousness,6.43
-er,set,setter,3.57
-ful,shame,shameful,6
-ness,shameless,shamelessness,6.71
-er,share,sharer,5.57
-ly,sickening,sickeningly,6.43
-ness,silly,silliness,6.43
-ful,sin,sinful,6.29
-able,sing,singable,6.43
-ly,single,singly,4.86
-er,sink,sinker,4
-y,sister,sissy,3
-ion,situate,situation,5.29
-ness,skew,skewness,6.29
-ful,skill,skilful,6.14
-er,skim,skimmer,6.29
-y,slate,slaty,5.86
-less,sleeve,sleeveless,4.71
-ful,sloth,slothful,6.29
-y,smoke,smoky,6.43
-y,smudge,smudgy,6.57
-ist,socialism,socialist,6.57
-ize,social,socialize,6.14
-ity,solemn,solemnity,6.57
-ity,soluble,solubility,6
-able,solve,solvable,6.14
-ous,space,spacious,6.43
-ity,sparse,sparsity,6.14
-less,speech,speechless,3
-ness,spicy,spiciness,6.43
-y,spine,spiny,4
-al,spire,spiral,3.29
-er,spoil,spoiler,5
-ity,spontaneous,spontaneity,6.71
-ful,spoon,spoonful,5.71
-ly,stable,stably,5.86
-less,stain,stainless,3.86
-ize,standard,standardize,6.14
-less,state,stateless,3.43
-er,stick,sticker,4.29
-y,stick,sticky,5
-ly,stiff,stiffly,6.43
-less,sting,stingless,4.43
-ion,stipulate,stipulation,6.57
-er,stoke,stoker,6.29
-less,strap,strapless,2.86
-y,stripe,stripy,6
-y,stubble,stubbly,6.57
-ist,style,stylist,4.71
-ion,subordinate,subordination,6.43
-ion,subscribe,subscription,6.14
-ly,subversive,subversively,6.43
-ful,success,successful,6.29
-ion,suffocate,suffocation,6.57
-ize,summary,summarize,6.71
-ist,supremacy,supremacist,6.14
-ic,surrealist,surrealistic,6.57
-ity,susceptible,susceptibility,5.86
-ous,suspicion,suspicious,6.43
-ic,sybarite,sybaritic,6.29
-ic,syllable,syllabic,6.14
-ic,symmetry,symmetric,6.29
-ful,tact,tactful,6.43
-al,tactic,tactical,6.14
-less,tact,tactless,3.86
-er,take,taker,6.29
-ness,talkative,talkativeness,6.57
-ness,tasteless,tastelessness,6.43
-able,teach,teachable,5.71
-less,tear,tearless,4.57
-ist,telegraph,telegraphist,6.14
-ize,tender,tenderize,6.57
-al,territory,territorial,6.14
-ness,terse,terseness,6.29
-ic,theist,theistic,6.57
-ful,thought,thoughtful,6.14
-less,time,timeless,4
-y,tin,tinny,4.14
-er,tipple,tippler,5.29
-ness,tired,tiredness,6.43
-able,tolerate,tolerable,5.71
-ity,total,totality,6.43
-ist,traditionalism,traditionalist,6.38
-ist,transcendentalism,transcendentalist,6.14
-able,transfer,transferable,6.43
-able,translate,translatable,6.29
-ly,transparent,transparently,6.29
-able,treat,treatable,5.14
-er,treat,treater,6.14
-ment,treat,treatment,5.29
-er,trespass,trespasser,6.57
-al,tribune,tribunal,5.57
-ity,trivial,triviality,6.57
-ist,trombone,trombonist,6.29
-ful,truth,truthful,6.29
-less,tube,tubeless,3.57
-ous,tubercle,tuberculous,5.29
-ful,tune,tuneful,6.57
-ity,turbid,turbidity,6.29
-er,typeset,typesetter,6.29
-ize,tyrant,tyrannize,5.43
un-,alienable,unalienable,3.71
un-,asked,unasked,3.86
un-,beaten,unbeaten,2.14
un-,believable,unbelievable,3
un-,canny,uncanny,2.29
un-,civil,uncivil,3.14
un-,clean,unclean,2.29
un-,couth,uncouth,2.71
un-,critical,uncritical,4.29
un-,crowned,uncrowned,3.71
-ous,unction,unctuous,6.14
un-,desirable,undesirable,5.71
-ness,uneasy,uneasiness,6.14
un-,educated,uneducated,3.29
un-,employable,unemployable,4.43
un-,enviable,unenviable,3.29
un-,fair,unfair,2.43
-ness,unfair,unfairness,6.14
un-,fit,unfit,3.71
un-,flagging,unflagging,2.86
un-,friendly,unfriendly,3.71
un-,fruitful,unfruitful,3
un-,governable,ungovernable,4.57
un-,gracious,ungracious,1.71
un-,guarded,unguarded,2.29
-ness,unhappy,unhappiness,6.57
un-,healthy,unhealthy,4.14
un-,holy,unholy,3.57
-ity,uniform,uniformity,6.43
un-,informed,uninformed,3.57
un-,inhabitable,uninhabitable,3.86
un-,interrupted,uninterrupted,2.43
-ity,universal,universality,6.57
un-,just,unjust,2.71
un-,known,unknown,3.43
un-,lettered,unlettered,2.86
un-,like,unlike,2.86
un-,noticed,unnoticed,3.57
un-,numbered,unnumbered,2.86
un-,pretentious,unpretentious,3.29
un-,principled,unprincipled,1.86
un-,printable,unprintable,4.29
un-,prompted,unprompted,3.43
un-,quiet,unquiet,1.29
un-,reasonable,unreasonable,3.29
-ly,unrelenting,unrelentingly,6.29
un-,restricted,unrestricted,3.71
-ness,unruly,unruliness,5.86
un-,seemly,unseemly,2.86
un-,sophisticated,unsophisticated,4.14
un-,spotted,unspotted,4.57
un-,stuck,unstuck,2.71
un-,thinking,unthinking,2.86
-ly,untidy,untidily,6.43
un-,tidy,untidy,4.57
un-,timely,untimely,3
un-,touchable,untouchable,2.71
un-,usual,unusual,2.14
un-,written,unwritten,2.86
-er,up,upper,5.29
-ion,vaccinate,vaccination,6.57
-ous,vainglory,vainglorious,6.29
-ous,vapour,vaporous,6.57
-ity,variable,variability,6.57
-ion,variegate,variegation,6.29
-ity,venal,venality,6
-ize,verbal,verbalize,5.71
-ous,vermin,verminous,6.57
-ment,vest,vestment,4.29
-ize,victim,victimize,5.57
-ist,violin,violinist,6.29
-ist,virology,virologist,6.29
-ize,visual,visualize,6.29
-er,vote,voter,6.43
-ize,vulgar,vulgarize,6.29
-er,waive,waiver,5.86
-ful,waste,wasteful,6.43
-ful,watch,watchful,6.14
-er,waver,waverer,6.43
-y,weep,weepy,6.29
-ly,weird,weirdly,6.29
-ize,western,westernize,5.71
-er,wholesale,wholesaler,6.43
-ness,wild,wilderness,5.29
-less,wing,wingless,5.86
-ful,wish,wishful,6.14
-ful,woe,woeful,6.29
-ly,wry,wryly,6.43
-y,yeast,yeasty,5.71
-ness,yellow,yellowness,6.57
-ness,youthful,youthfulness,6.29
